ID	seg1_text	seg2_text	gold
JoDeb_causal_2200	Biofuels as a solution to global warming are good.	Carbon neutral biofuels only emit CO2 they draw from atmosphere	entailment
ComArg_UGIP_0100	I do not think that it is appropriate to have the phrase Under God in the United States of America Pledge. I do not think this because I have anything against Christianity or God, I simply think that, seeing as America was created for religious freedom, we should not expect our citizens to pledge themselves to a god that they may or may not believe in.	Removing under god would promote religious tolerance	entailment
AAAI2018_04_20	And almost all wars start because of religion. 	The war of some century's ago where almost all war for territory and power and use the religion for consolidate their purpose but the majority of time the religion was not the first purpose. 	contradiction
QT30_nodeset21021_004	there is a real economic crisis in the North East	Aberdeen in the surrounding areas has also got a crisis around the hospitality industry and a crisis around the tourism industry	entailment
AbstRCT_20651011_01	Physical training combined with cognitive-behavioral therapy and physical training alone had significant and beneficial effects on fatigue compared with no intervention.	Physical training was equally effective as or more effective than physical training combined with cognitive-behavioral therapy in reducing cancer-related fatigue,	neu
ArgEss_essay258_05	from my own experiences, after I had started learning playing the guitar without a teacher, I got used to wrong habits regarding strumming and tempo, but after finding and learning with a tutor and identifying and eliminating those incorrect habits, I was able to play properly	if you are going to learn some things by yourself, you may learn and understand them incorrectly	entailment
ComArg_GM_0182	Gay marriage should be legal because love is love.  I am Christian and I know that apparently it says something in the bible about no gay marriage. But how are we going to base our life off of a book that was written how long ago? God loves his children, and believe it or not, he loves his gay/bisexual children too. They were born this way, straight, gay, or bi.  Everyone who thinks other should check themselves.  They are on the wrong side of history. If you don't believe in gay marriage, don't marry someone the same gender as you. Simple as that.	Gay couples should be able to take advantage of the fiscal and legal benefits of marriage	neu
AAAI2018_010_24	Abortion is legal and it doesn't matter much when and how. It's an individual choice for whatever reason it might be.	In this decision we don't think just for ourselves, but also for the baby, unless if it's a decision of accommodation Participant4.	contradiction
ArgEss_essay112_00	They help to ensure fairness by imposing the same conditions on all exam candidates	There are clearly advantages to exams	entailment
IBM_stance_1742	This house would encourage the creation of private universities in the UK	private universities charge much higher tuition than their public counterparts	contradiction
ComArg_GM_1197	if we decide to ban gay marriage we will be breaking the twelfth amendment. also it would  slightly break the third because only religious groups have stopped or tried to stop gay mariage! maybe the religious groups should be banned since they are interfering with equal rights!!!! DOWN WITH DISCRIMINATION!!!!!!	Marriage should be between a man and a woman	neu
Web_2392	oasthadare we machines choosing between incorrect and correct responses or are we sentient being choosing between good and evil how could you not teach thisthats a good topic for sunday school	id is offered as an explanation for the complexity of life on earth which according to id proponents cannot be explained by random chance and survival of the fittest	neu
QT30_nodeset21604_007	in terms of police Scotland, attitudes haven't changed as much as they should have since 1999	it is not just these issues	neu
ArgEss_essay331_03	it is the most remarkable sign of the city, and also it is the inevitable history of Beijing, even the entire China	when somebody mentions Beijing, China's capital city, you will immediately have Capital Palace come to appear in your mind	entailment
JoKialo_causal_14092	Rote-learning and significant learning are not opposites, instead they complement one another.	Students were seen to develop a stronger sense of communication within their schools. (p. 1530)	neu
JoDeb_norm_0390	Corps. do have a right to free speech and to spend w/o limit in elections.	Unlimited spending breaks stranglehold of incumbents	neu
Webis-Debate_0777	Is there any reason this page needs to be 'cleaned up'? Sure, there's lots of information about the show, but it's been on the air for 30 years- lots of things have changed. Aside from minor grammar changes, it looks fine.	and will cleanup when I have time. I agree this page has a ton of great information, but is unevenly written. Basically, I'd create a page specific to the U.S. version, plus provide links to new articles for international versions (in keeping with Wikipedia's world POV policy), the 1950s WOF and the ill-advised Wheel 2000. [[	neu
IJCAI2015_02_03	Welcome to the second debate! The topic of the second debate is Go nuclear! 	For example, we cannot prohibit children from using computer because it has some negative effect! what we do in such situation is that we control them remotely. Right? I think we should do the same for nuclear.	contradiction
FinARG_MSFT_Q3_2016_17185_6_00	i mean, i think the overall for me across all of our product lines, whether it be windows or whether it be office 365 or azure, developer momentum, isv momentum is super important priority for us, both in terms of our developer evangelism, our product engineering teams, as well as everything that we will do to even create success for our partners through our field sales organization is a top of mind priority.	so you will only increasingly see us deliver more design wins there.	neu
IBM_stance_1784	This house would only teach abstinence for sex education in schools	Programs that stress abstinence as the only acceptable behavior for unmarried teens delay the initiation of sex	entailment
Webis-Debate_0621	This article overlaps greatly with Microfabrication. I admit that the two terms are not exactly synonymous, and each includes some areas that the other does not. However, I think that we should restructure our coverage of micro/electronic fabrication to eliminate this overlap and clearly identify non-overlapping areas. --	per Dick. While microfabrication has largely been a semiconductor-dominated field in the past, the development of biomedical MEMS and the like have provided the motivation for developing microfabrication techniques for totally unrelated materials like polymers. These articles should remain separate and have little overlap, even if the articles' current status don't reflect this ideal. -- mattb @ 2007-01-18T19:55Z	neu
US2016_nodeset10384_004	it's horrible how biased the coverage is	user progress18 is also the moderator of /r/HillaryClinton and a full-time poster on /r/Democrat	neu
JoDeb_norm_5980	Acts of hate should be criminalized.	Hate crimes cannot be proven to harm communities	contradiction
Webis-Debate_0033	"Switch → Switch (Electronics) –There are an awful lot of potential things that ""switch"" could be other than electrical switches, and I don't see why electrical switches should have a full hold on the general term ""switch"" when many other items in that list also go by the general term switch (I came here for network switches). Considering that (I counted 36 ""may means"") I think it might be more helpful to users to have Switch redirect to Switch (disambiguation) and have this article renamed ""Electrical switch"". I won't act without consensus, though. What do you think?"	- this has got to be the most common use, and the railfans aren't seriously inconvenienced by it. --	neu
micro_k031_01	Time and again children or the elderly slip on them.	Pieces of dog poo on the pavements are a real danger.	entailment
QT50_nodeset29206_009	there's absolutely no doubt that the Conservatives' Brexit deal has been devastating for our economy	fishermen have lost out	neu
NK_deb_0232	They talked . But what did they produce ? They promised a 25-percent minimum wage increase in place of the program that President Eisenhower asked for and that could have been passed and should have been passed . What did the workers get ? Nothing at all .	It is not only medical care for the aged . It is minimum wage , it is housing for the elderly , public housing . It is all under social security .	neu
ComArg_GM_0804	One of my objections to same sex marriages is that it may give those people monetary advantages intended for normal married couples.  The prime example is that they would receive a reduction of their Federal, and probably State, income taxes if allowed file jointly.  If you go back and study the Congressional committee reports that established the Federal reduction of taxes for married couples, I believe you will find that it was based on the premise that a wife during her child bearing and rearing years will have reduced ability to contribute to the family income.  This may also apply to other government programs.  Assuming that the average voter would object to the reduction for same sex marriages, this may be an argument to oppose such marriages.  RH  Arlington, VA	Marriage should be between a man and a woman	entailment
AbstRCT_15037889_01	No changes in the optic nerve head topography in the vertical cup-to-disc ratio and rim area measured by image-analysis techniques were observed in either group.	both showed similar effects on visual field performance.	neu
AbstRCT_20142538_01	FCLT was associated with greater percentage reductions in diurnal IOP levels and a greater likelihood of achieving lower mean diurnal IOP levels.	Fixed-combination latanoprost-timolol therapy is as safe and effective in lowering IOP in patients with either ocular hypertension or glaucoma as monotherapy with latanoprost or timolol.	neu
UKP_cloning_1006	Cloning should be considered as a promising opportunity for human development.	Human cloning for so-called therapeutic purposes is completely unethical .	contradiction
NK_deb_0952	Yet that is just what we have been urged to do . When all the vague generalities are stripped away , nothing more is being offered by opponents of the Anderson amendment than an increase in the public assistance program to provide some increased medical care for the indigent . The committee bill does improve our public assistance to the most needy .	They are : ( 1 ) Hospitalization up to 120 days ; ( 2 ) Nursing home care up to 240 days ; ( 3 ) Nursing and other health services at home up to 360 days ; ( 4 ) Outpatient diagnostic services . Such a program will be soundly financed ; it will provide a balanced program of basic health services ; it will relieve the burden upon our hospitals by providing incentives for nonhospital care ; it emphasizes preventive medical care ; and it tends to reduce the overall cost of the program by using less expensive yet more effective medical techniques . Enactment of this legislation during the present session will be a fitting climax to this 25th anniversary of the Social Security Act and mark a historic step forward in sustaining the dignity and self-reliance of our Nation 's senior citizens .	neu
